{
  "declarations": {
    "variables": [
      {
        "name": "V_ACTION",
        "data_type": "TEXT",
        "default_value": null
      },
      {
        "name": "COL_NAMES",
        "data_type": "TEXT[]",
        "default_value": null
      },
      {
        "name": "COL_NEW_VALUES",
        "data_type": "TEXT[]",
        "default_value": null
      },
      {
        "name": "COL_OLD_VALUES",
        "data_type": "TEXT[]",
        "default_value": null
      },
      {
        "name": "V_TABLE_NAME",
        "data_type": "TEXT",
        "default_value": "LOWER(TG_TABLE_NAME) || '_his'"
      },
      {
        "name": "V_SCHEMA_NAME",
        "data_type": "TEXT",
        "default_value": "LOWER(TG_TABLE_SCHEMA)"
      }
    ],
    "constants": [],
    "exceptions": []
  },
  "main": [
    {
      "type": "begin_end",
      "begin_indent": 0,
      "begin_end_statements": [
        {
          "type": "if_else",
          "condition": "TG_OP = 'INSERT'",
          "then_statements": [
            {
              "variable": "V_ACTION",
              "value": "'I'",
              "type": "assignment_statement",
              "statement_indent": 8
            }
          ],
          "else_if": [
            {
              "condition": "TG_OP = 'UPDATE'",
              "then_statements": [
                {
                  "variable": "V_ACTION",
                  "value": "'U'",
                  "type": "assignment_statement",
                  "statement_indent": 8
                }
              ]
            },
            {
              "condition": "TG_OP = 'DELETE'",
              "then_statements": [
                {
                  "variable": "V_ACTION",
                  "value": "'D'",
                  "type": "assignment_statement",
                  "statement_indent": 8
                }
              ]
            }
          ],
          "else_statements": [],
          "if_indent": 4
        },
        {
          "variable": "COL_NAMES",
          "value": "ARRAY[ 'exploratory_theme_no', 'proposal_id', 'proposal_name', 'proposal_status_cd', 'evolved_theme_no', 'global_change_id', 'reason_for_change', 'ins_date', 'ins_user', 'upd_date', 'upd_user', 'molecule_type_id', 'pharmacological_type_id', 'firewall_id', 'mrhub_load_job_id', 'mrhub_load_date', 'mrhub_source_system_id' ]",
          "type": "assignment_statement",
          "statement_indent": 4
        },
        {
          "variable": "COL_NEW_VALUES",
          "value": "ARRAY[ CASE WHEN TG_OP IN ('INSERT', 'UPDATE') THEN NEW.EXPLORATORY_THEME_NO::TEXT ELSE NULL END, CASE WHEN TG_OP IN ('INSERT', 'UPDATE') THEN NEW.PROPOSAL_ID::TEXT ELSE NULL END, CASE WHEN TG_OP IN ('INSERT', 'UPDATE') THEN NEW.PROPOSAL_NAME::TEXT ELSE NULL END, CASE WHEN TG_OP IN ('INSERT', 'UPDATE') THEN NEW.PROPOSAL_STATUS_CD::TEXT ELSE NULL END, CASE WHEN TG_OP IN ('INSERT', 'UPDATE') THEN NEW.EVOLVED_THEME_NO::TEXT ELSE NULL END, CASE WHEN TG_OP IN ('INSERT', 'UPDATE') THEN NEW.GLOBAL_CHANGE_ID::TEXT ELSE NULL END, CASE WHEN TG_OP IN ('INSERT', 'UPDATE') THEN NEW.REASON_FOR_CHANGE::TEXT ELSE NULL END, CASE WHEN TG_OP IN ('INSERT', 'UPDATE') THEN TO_CHAR(NEW.INS_DATE, 'YYYY-MM-DD HH24:MI:SS') ELSE NULL END, CASE WHEN TG_OP IN ('INSERT', 'UPDATE') THEN NEW.INS_USER::TEXT ELSE NULL END, CASE WHEN TG_OP IN ('INSERT', 'UPDATE') THEN TO_CHAR(NEW.UPD_DATE, 'YYYY-MM-DD HH24:MI:SS') ELSE NULL END, CASE WHEN TG_OP IN ('INSERT', 'UPDATE') THEN NEW.UPD_USER::TEXT ELSE NULL END, CASE WHEN TG_OP IN ('INSERT', 'UPDATE') THEN NEW.MOLECULE_TYPE_ID::TEXT ELSE NULL END, CASE WHEN TG_OP IN ('INSERT', 'UPDATE') THEN NEW.PHARMACOLOGICAL_TYPE_ID::TEXT ELSE NULL END, CASE WHEN TG_OP IN ('INSERT', 'UPDATE') THEN NEW.FIREWALL_ID::TEXT ELSE NULL END, CASE WHEN TG_OP IN ('INSERT', 'UPDATE') THEN NEW.MRHUB_LOAD_JOB_ID::TEXT ELSE NULL END, CASE WHEN TG_OP IN ('INSERT', 'UPDATE') THEN TO_CHAR(NEW.MRHUB_LOAD_DATE, 'YYYY-MM-DD HH24:MI:SS') ELSE NULL END, CASE WHEN TG_OP IN ('INSERT', 'UPDATE') THEN NEW.MRHUB_SOURCE_SYSTEM_ID::TEXT ELSE NULL END ]",
          "type": "assignment_statement",
          "statement_indent": 4
        },
        {
          "variable": "COL_OLD_VALUES",
          "value": "ARRAY[ CASE WHEN TG_OP IN ('UPDATE', 'DELETE') THEN OLD.EXPLORATORY_THEME_NO::TEXT ELSE NULL END, CASE WHEN TG_OP IN ('UPDATE', 'DELETE') THEN OLD.PROPOSAL_ID::TEXT ELSE NULL END, CASE WHEN TG_OP IN ('UPDATE', 'DELETE') THEN OLD.PROPOSAL_NAME::TEXT ELSE NULL END, CASE WHEN TG_OP IN ('UPDATE', 'DELETE') THEN OLD.PROPOSAL_STATUS_CD::TEXT ELSE NULL END, CASE WHEN TG_OP IN ('UPDATE', 'DELETE') THEN OLD.EVOLVED_THEME_NO::TEXT ELSE NULL END, CASE WHEN TG_OP IN ('UPDATE', 'DELETE') THEN OLD.GLOBAL_CHANGE_ID::TEXT ELSE NULL END, CASE WHEN TG_OP IN ('UPDATE', 'DELETE') THEN OLD.REASON_FOR_CHANGE::TEXT ELSE NULL END, CASE WHEN TG_OP IN ('UPDATE', 'DELETE') THEN TO_CHAR(OLD.INS_DATE, 'YYYY-MM-DD HH24:MI:SS') ELSE NULL END, CASE WHEN TG_OP IN ('UPDATE', 'DELETE') THEN OLD.INS_USER::TEXT ELSE NULL END, CASE WHEN TG_OP IN ('UPDATE', 'DELETE') THEN TO_CHAR(OLD.UPD_DATE, 'YYYY-MM-DD HH24:MI:SS') ELSE NULL END, CASE WHEN TG_OP IN ('UPDATE', 'DELETE') THEN OLD.UPD_USER::TEXT ELSE NULL END, CASE WHEN TG_OP IN ('UPDATE', 'DELETE') THEN OLD.MOLECULE_TYPE_ID::TEXT ELSE NULL END, CASE WHEN TG_OP IN ('UPDATE', 'DELETE') THEN OLD.PHARMACOLOGICAL_TYPE_ID::TEXT ELSE NULL END, CASE WHEN TG_OP IN ('UPDATE', 'DELETE') THEN OLD.FIREWALL_ID::TEXT ELSE NULL END, CASE WHEN TG_OP IN ('UPDATE', 'DELETE') THEN OLD.MRHUB_LOAD_JOB_ID::TEXT ELSE NULL END, CASE WHEN TG_OP IN ('UPDATE', 'DELETE') THEN TO_CHAR(OLD.MRHUB_LOAD_DATE, 'YYYY-MM-DD HH24:MI:SS') ELSE NULL END, CASE WHEN TG_OP IN ('UPDATE', 'DELETE') THEN OLD.MRHUB_SOURCE_SYSTEM_ID::TEXT ELSE NULL END ]",
          "type": "assignment_statement",
          "statement_indent": 4
        },
        {
          "statement": "PERFORM MDMTOOL.\"mdmt_util_history$write_history\"( V_ACTION, V_TABLE_NAME, V_SCHEMA_NAME, COL_NAMES, COL_NEW_VALUES, COL_OLD_VALUES );",
          "type": "unknown_statement",
          "indent": 4
        },
        {
          "statement": "RETURN NULL;",
          "type": "unknown_statement",
          "indent": 4
        }
      ],
      "exception_handlers": []
    }
  ],
  "sql_comments": [],
  "rest_strings": [
    {
      "statement": "PERFORM MDMTOOL.\"mdmt_util_history$write_history\"( V_ACTION, V_TABLE_NAME, V_SCHEMA_NAME, COL_NAMES, COL_NEW_VALUES, COL_OLD_VALUES );",
      "type": "unknown_statement",
      "indent": 4
    },
    {
      "statement": "RETURN NULL;",
      "type": "unknown_statement",
      "indent": 4
    }
  ],
  "conversion_stats": {
    "declaration_count": 6,
    "comment_count": 0,
    "rest_string_count": 2,
    "sql_convert_count": 10
  },
  "metadata": {
    "parse_timestamp": "2025-08-14T16:08:02.089507",
    "parser_version": "1.0"
  }
}