{
  "on_insert": {
    "declarations": {
      "variables": [
        {
          "name": "V_COUNT_T_MAPPINGS",
          "data_type": "PLS_INTEGER",
          "default_value": null
        },
        {
          "name": "V_COUNT_T_MOL_MAP",
          "data_type": "PLS_INTEGER",
          "default_value": null
        },
        {
          "name": "V_MOLECULE_SEQ_NO",
          "data_type": "PLS_INTEGER",
          "default_value": null
        },
        {
          "name": "V_SEQ_NO_DUPLICATE_CNT",
          "data_type": "PLS_INTEGER",
          "default_value": null
        },
        {
          "name": "INVALID_MAPPING_EXISTS",
          "data_type": "BOOLEAN",
          "default_value": "FALSE"
        },
        {
          "name": "V_MANUAL_SHORT_DESC",
          "data_type": "THEMES.MANUAL_SHORT_DESC%TYPE",
          "default_value": null
        }
      ],
      "constants": [],
      "exceptions": [
        {
          "name": "ERR_MAP_EXISTS",
          "type": "EXCEPTION"
        },
        {
          "name": "ERR_MOLEC_ID_MISSING",
          "type": "EXCEPTION"
        },
        {
          "name": "ERR_NO_PORTF_MOLECULE_LEFT",
          "type": "EXCEPTION"
        },
        {
          "name": "ERR_UPD_INV_MAP",
          "type": "EXCEPTION"
        },
        {
          "name": "ERR_INS_INV_MAP",
          "type": "EXCEPTION"
        },
        {
          "name": "ERR_INV_MOL_SEQUENCE",
          "type": "EXCEPTION"
        },
        {
          "name": "UPDATE_UPD",
          "type": "EXCEPTION"
        }
      ]
    },
    "main": [
      {
        "type": "begin_end",
        "begin_indent": 0,
        "begin_end_statements": [
          {
            "sql_statement": "SELECT MANUAL_SHORT_DESC INTO V_MANUAL_SHORT_DESC FROM GMD.THEMES WHERE THEME_NO = NVL(:NEW.THEME_NO, :OLD.THEME_NO);",
            "type": "select_statement",
            "statement_indent": 4
          },
          {
            "type": "if_else",
            "condition": "TRUE",
            "then_statements": [
              {
                "sql_statement": "UPDATE THEME_MOLECULE_MAP TMM SET TMM.VALID_IND = 'N' WHERE TMM.THEME_NO = :OLD.THEME_NO AND TMM.MOLECULE_ID = :OLD.MOLECULE_ID;",
                "type": "update_statement",
                "statement_indent": 8
              },
              {
                "sql_statement": "UPDATE THEME_MOLECULE_MAP TMM SET TMM.MOLECULE_SEQ_NO = TMM.MOLECULE_SEQ_NO - 1 WHERE TMM.THEME_NO = :OLD.THEME_NO AND TMM.MOLECULE_SEQ_NO > :OLD.MOLECULE_SEQ_NO AND TMM.VALID_IND = 'Y';",
                "type": "update_statement",
                "statement_indent": 8
              },
              {
                "statement": "MDMAPPL.MDM_UTIL_THEMES.REFRESH_THEME_DESC ( P_THEME_NO => :OLD.THEME_NO, P_MOLECULE_ID => :OLD.MOLECULE_ID, P_DATE => SYSDATE, P_MANUAL_SHORT_DESC => V_MANUAL_SHORT_DESC );",
                "type": "unknown_statement",
                "indent": 8
              }
            ],
            "else_if": [],
            "else_statements": [],
            "if_indent": 4
          },
          {
            "type": "if_else",
            "condition": "( OR )",
            "then_statements": [
              {
                "sql_statement": "SELECT COUNT (*) INTO V_COUNT_T_MAPPINGS FROM V_THEME_MOLECULE_MAP TMM WHERE TMM.THEME_NO = :NEW.THEME_NO AND TMM.VALID_IND = 'Y';",
                "type": "select_statement",
                "statement_indent": 8
              },
              {
                "type": "if_else",
                "condition": "(:NEW.MOLECULE_ID IS NULL)",
                "then_statements": [
                  {
                    "sql_statement": "RAISE ERR_MOLEC_ID_MISSING;",
                    "type": "raise_statement",
                    "statement_indent": 12
                  }
                ],
                "else_if": [],
                "else_statements": [],
                "if_indent": 8
              },
              {
                "type": "if_else",
                "condition": "TRUE",
                "then_statements": [
                  {
                    "type": "if_else",
                    "condition": "(:NEW.MOLECULE_SEQ_NO > V_COUNT_T_MAPPINGS)",
                    "then_statements": [
                      {
                        "sql_statement": "RAISE ERR_UPD_INV_MAP;",
                        "type": "raise_statement",
                        "statement_indent": 16
                      }
                    ],
                    "else_if": [],
                    "else_statements": [],
                    "if_indent": 12
                  }
                ],
                "else_if": [],
                "else_statements": [],
                "if_indent": 8
              },
              {
                "type": "if_else",
                "condition": "(:NEW.MOLECULE_ID <> NVL (:OLD.MOLECULE_ID, '-1'))",
                "then_statements": [
                  {
                    "sql_statement": "SELECT COUNT (*) INTO V_COUNT_T_MOL_MAP FROM V_THEME_MOLECULE_MAP TMM WHERE TMM.THEME_NO = :NEW.THEME_NO AND TMM.MOLECULE_ID = :NEW.MOLECULE_ID AND TMM.VALID_IND = 'Y';",
                    "type": "select_statement",
                    "statement_indent": 12
                  },
                  {
                    "type": "if_else",
                    "condition": "(V_COUNT_T_MOL_MAP > 0)",
                    "then_statements": [
                      {
                        "sql_statement": "RAISE ERR_MAP_EXISTS;",
                        "type": "raise_statement",
                        "statement_indent": 16
                      }
                    ],
                    "else_if": [],
                    "else_statements": [],
                    "if_indent": 12
                  },
                  {
                    "sql_statement": "SELECT COUNT (*) INTO V_COUNT_T_MOL_MAP FROM V_THEME_MOLECULE_MAP TMM WHERE TMM.THEME_NO = :NEW.THEME_NO AND TMM.MOLECULE_ID = :NEW.MOLECULE_ID AND TMM.VALID_IND = 'N';",
                    "type": "select_statement",
                    "statement_indent": 12
                  },
                  {
                    "type": "if_else",
                    "condition": "(V_COUNT_T_MOL_MAP > 0)",
                    "then_statements": [
                      {
                        "variable": "INVALID_MAPPING_EXISTS",
                        "value": "TRUE",
                        "type": "assignment_statement",
                        "statement_indent": 16
                      }
                    ],
                    "else_if": [],
                    "else_statements": [],
                    "if_indent": 12
                  }
                ],
                "else_if": [],
                "else_statements": [],
                "if_indent": 8
              },
              {
                "type": "if_else",
                "condition": "TRUE",
                "then_statements": [
                  {
                    "type": "case_when",
                    "case_expression": "",
                    "when_clauses": [
                      {
                        "when_value": ":NEW.MOLECULE_SEQ_NO = V_COUNT_T_MAPPINGS + 1",
                        "then_statements": [
                          {
                            "type": "if_else",
                            "condition": "(INVALID_MAPPING_EXISTS)",
                            "then_statements": [
                              {
                                "sql_statement": "UPDATE THEME_MOLECULE_MAP TMM SET TMM.VALID_IND = 'Y', TMM.MOLECULE_SEQ_NO = :NEW.MOLECULE_SEQ_NO WHERE TMM.THEME_NO = :NEW.THEME_NO AND TMM.MOLECULE_ID = :NEW.MOLECULE_ID;",
                                "type": "update_statement",
                                "statement_indent": 24
                              }
                            ],
                            "else_if": [],
                            "else_statements": [
                              {
                                "sql_statement": "INSERT INTO THEME_MOLECULE_MAP TMM ( TMM.THEME_NO, TMM.MOLECULE_ID, TMM.MOLECULE_SEQ_NO, TMM.MOLECULE_MAP_CHAR, TMM.VALID_IND ) VALUES ( :NEW.THEME_NO, :NEW.MOLECULE_ID, :NEW.MOLECULE_SEQ_NO, :NEW.MOLECULE_MAP_CHAR, 'Y' );",
                                "type": "insert_statement",
                                "statement_indent": 24
                              }
                            ],
                            "if_indent": 20
                          }
                        ]
                      },
                      {
                        "when_value": ":NEW.MOLECULE_SEQ_NO < V_COUNT_T_MAPPINGS + 1",
                        "then_statements": [
                          {
                            "sql_statement": "UPDATE THEME_MOLECULE_MAP TMM SET TMM.MOLECULE_SEQ_NO = TMM.MOLECULE_SEQ_NO + 1 WHERE TMM.THEME_NO = :NEW.THEME_NO AND TMM.MOLECULE_SEQ_NO >= :NEW.MOLECULE_SEQ_NO AND TMM.VALID_IND = 'Y';",
                            "type": "update_statement",
                            "statement_indent": 20
                          },
                          {
                            "type": "if_else",
                            "condition": "(INVALID_MAPPING_EXISTS)",
                            "then_statements": [
                              {
                                "sql_statement": "UPDATE THEME_MOLECULE_MAP TMM SET TMM.VALID_IND = 'Y', TMM.MOLECULE_SEQ_NO = :NEW.MOLECULE_SEQ_NO WHERE TMM.THEME_NO = :NEW.THEME_NO AND TMM.MOLECULE_ID = :NEW.MOLECULE_ID;",
                                "type": "update_statement",
                                "statement_indent": 24
                              }
                            ],
                            "else_if": [],
                            "else_statements": [
                              {
                                "sql_statement": "INSERT INTO THEME_MOLECULE_MAP TMM ( TMM.THEME_NO, TMM.MOLECULE_ID, TMM.MOLECULE_SEQ_NO, TMM.MOLECULE_MAP_CHAR, TMM.VALID_IND ) VALUES ( :NEW.THEME_NO, :NEW.MOLECULE_ID, :NEW.MOLECULE_SEQ_NO, :NEW.MOLECULE_MAP_CHAR, 'Y' );",
                                "type": "insert_statement",
                                "statement_indent": 24
                              }
                            ],
                            "if_indent": 20
                          }
                        ]
                      }
                    ],
                    "else_statements": [
                      {
                        "sql_statement": "RAISE ERR_INS_INV_MAP;",
                        "type": "raise_statement",
                        "statement_indent": 20
                      }
                    ],
                    "case_indent": 12
                  }
                ],
                "else_if": [],
                "else_statements": [],
                "if_indent": 8
              },
              {
                "type": "if_else",
                "condition": "TRUE",
                "then_statements": [
                  {
                    "type": "if_else",
                    "condition": "(:NEW.MOLECULE_ID IS NOT NULL)",
                    "then_statements": [
                      {
                        "type": "if_else",
                        "condition": "(:NEW.MOLECULE_ID = :OLD.MOLECULE_ID AND :NEW.MOLECULE_SEQ_NO = :OLD.MOLECULE_SEQ_NO AND :NEW.MOLECULE_MAP_CHAR <> :OLD.MOLECULE_MAP_CHAR)",
                        "then_statements": [
                          {
                            "sql_statement": "UPDATE THEME_MOLECULE_MAP TMM SET TMM.MOLECULE_MAP_CHAR = :NEW.MOLECULE_MAP_CHAR WHERE TMM.THEME_NO = :NEW.THEME_NO AND TMM.MOLECULE_ID = :NEW.MOLECULE_ID;",
                            "type": "update_statement",
                            "statement_indent": 20
                          }
                        ],
                        "else_if": [],
                        "else_statements": [],
                        "if_indent": 16
                      },
                      {
                        "type": "if_else",
                        "condition": "(:NEW.MOLECULE_ID = :OLD.MOLECULE_ID AND :NEW.MOLECULE_SEQ_NO <> :OLD.MOLECULE_SEQ_NO)",
                        "then_statements": [
                          {
                            "sql_statement": "UPDATE THEME_MOLECULE_MAP TMM SET TMM.VALID_IND = 'N' WHERE TMM.THEME_NO = :NEW.THEME_NO AND TMM.MOLECULE_ID = :OLD.MOLECULE_ID;",
                            "type": "update_statement",
                            "statement_indent": 20
                          },
                          {
                            "type": "if_else",
                            "condition": "(:OLD.MOLECULE_SEQ_NO < :NEW.MOLECULE_SEQ_NO)",
                            "then_statements": [
                              {
                                "sql_statement": "UPDATE THEME_MOLECULE_MAP TMM SET TMM.MOLECULE_SEQ_NO = TMM.MOLECULE_SEQ_NO - 1 WHERE TMM.THEME_NO = :NEW.THEME_NO AND TMM.MOLECULE_SEQ_NO > :OLD.MOLECULE_SEQ_NO AND TMM.VALID_IND = 'Y' AND TMM.MOLECULE_SEQ_NO <= :NEW.MOLECULE_SEQ_NO;",
                                "type": "update_statement",
                                "statement_indent": 24
                              }
                            ],
                            "else_if": [],
                            "else_statements": [
                              {
                                "sql_statement": "UPDATE THEME_MOLECULE_MAP TMM SET TMM.MOLECULE_SEQ_NO = TMM.MOLECULE_SEQ_NO + 1 WHERE TMM.THEME_NO = :NEW.THEME_NO AND TMM.VALID_IND = 'Y' AND TMM.MOLECULE_SEQ_NO >= :NEW.MOLECULE_SEQ_NO AND TMM.MOLECULE_SEQ_NO < :OLD.MOLECULE_SEQ_NO;",
                                "type": "update_statement",
                                "statement_indent": 24
                              }
                            ],
                            "if_indent": 20
                          },
                          {
                            "type": "if_else",
                            "condition": "(INVALID_MAPPING_EXISTS)",
                            "then_statements": [
                              {
                                "sql_statement": "UPDATE THEME_MOLECULE_MAP TMM SET TMM.VALID_IND = 'Y', TMM.MOLECULE_SEQ_NO = :NEW.MOLECULE_SEQ_NO, TMM.MOLECULE_MAP_CHAR =: NEW.MOLECULE_MAP_CHAR WHERE TMM.THEME_NO = :NEW.THEME_NO AND TMM.MOLECULE_ID = :NEW.MOLECULE_ID;",
                                "type": "update_statement",
                                "statement_indent": 24
                              }
                            ],
                            "else_if": [],
                            "else_statements": [
                              {
                                "sql_statement": "INSERT INTO THEME_MOLECULE_MAP TMM ( TMM.THEME_NO, TMM.MOLECULE_ID, TMM.MOLECULE_SEQ_NO, TMM.MOLECULE_MAP_CHAR, TMM.VALID_IND ) VALUES ( :NEW.THEME_NO, :NEW.MOLECULE_ID, :NEW.MOLECULE_SEQ_NO, :NEW.MOLECULE_MAP_CHAR, 'Y' );",
                                "type": "insert_statement",
                                "statement_indent": 24
                              }
                            ],
                            "if_indent": 20
                          }
                        ],
                        "else_if": [],
                        "else_statements": [],
                        "if_indent": 16
                      }
                    ],
                    "else_if": [],
                    "else_statements": [],
                    "if_indent": 12
                  },
                  {
                    "type": "if_else",
                    "condition": "(:NEW.MOLECULE_ID <> :OLD.MOLECULE_ID AND :NEW.MOLECULE_SEQ_NO <> :OLD.MOLECULE_SEQ_NO)",
                    "then_statements": [
                      {
                        "sql_statement": "UPDATE THEME_MOLECULE_MAP TMM SET TMM.VALID_IND = 'N' WHERE TMM.THEME_NO = :NEW.THEME_NO AND TMM.MOLECULE_ID = :OLD.MOLECULE_ID;",
                        "type": "update_statement",
                        "statement_indent": 16
                      },
                      {
                        "sql_statement": "UPDATE THEME_MOLECULE_MAP TMM SET TMM.MOLECULE_SEQ_NO = TMM.MOLECULE_SEQ_NO - 1 WHERE TMM.THEME_NO = :NEW.THEME_NO AND TMM.MOLECULE_SEQ_NO > :OLD.MOLECULE_SEQ_NO AND TMM.MOLECULE_SEQ_NO <= :NEW.MOLECULE_SEQ_NO AND TMM.VALID_IND = 'Y';",
                        "type": "update_statement",
                        "statement_indent": 16
                      },
                      {
                        "type": "if_else",
                        "condition": "(INVALID_MAPPING_EXISTS)",
                        "then_statements": [
                          {
                            "sql_statement": "UPDATE THEME_MOLECULE_MAP TMM SET TMM.VALID_IND = 'Y', TMM.MOLECULE_SEQ_NO = :NEW.MOLECULE_SEQ_NO, TMM.MOLECULE_MAP_CHAR =:NEW.MOLECULE_MAP_CHAR WHERE TMM.THEME_NO = :NEW.THEME_NO AND TMM.MOLECULE_ID = :NEW.MOLECULE_ID;",
                            "type": "update_statement",
                            "statement_indent": 20
                          }
                        ],
                        "else_if": [],
                        "else_statements": [
                          {
                            "sql_statement": "INSERT INTO THEME_MOLECULE_MAP TMM ( TMM.THEME_NO, TMM.MOLECULE_ID, TMM.MOLECULE_SEQ_NO, TMM.MOLECULE_MAP_CHAR, TMM.VALID_IND ) VALUES ( :NEW.THEME_NO, :NEW.MOLECULE_ID, :NEW.MOLECULE_SEQ_NO, :NEW.MOLECULE_MAP_CHAR, 'Y' );",
                            "type": "insert_statement",
                            "statement_indent": 20
                          }
                        ],
                        "if_indent": 16
                      }
                    ],
                    "else_if": [],
                    "else_statements": [],
                    "if_indent": 12
                  },
                  {
                    "type": "if_else",
                    "condition": "(:NEW.MOLECULE_ID <> :OLD.MOLECULE_ID) AND :NEW.MOLECULE_SEQ_NO = :OLD.MOLECULE_SEQ_NO",
                    "then_statements": [
                      {
                        "sql_statement": "UPDATE THEME_MOLECULE_MAP TMM SET TMM.VALID_IND = 'N' WHERE TMM.THEME_NO = :NEW.THEME_NO AND TMM.MOLECULE_ID = :OLD.MOLECULE_ID AND MOLECULE_SEQ_NO = :OLD.MOLECULE_SEQ_NO;",
                        "type": "update_statement",
                        "statement_indent": 16
                      },
                      {
                        "type": "if_else",
                        "condition": "(INVALID_MAPPING_EXISTS)",
                        "then_statements": [
                          {
                            "sql_statement": "UPDATE THEME_MOLECULE_MAP TMM SET TMM.VALID_IND = 'Y', TMM.MOLECULE_SEQ_NO = :NEW.MOLECULE_SEQ_NO, TMM.MOLECULE_MAP_CHAR =:NEW.MOLECULE_MAP_CHAR WHERE TMM.THEME_NO = :NEW.THEME_NO AND TMM.MOLECULE_ID = :NEW.MOLECULE_ID;",
                            "type": "update_statement",
                            "statement_indent": 20
                          }
                        ],
                        "else_if": [],
                        "else_statements": [
                          {
                            "sql_statement": "INSERT INTO THEME_MOLECULE_MAP TMM ( TMM.THEME_NO, TMM.MOLECULE_ID, TMM.MOLECULE_SEQ_NO, TMM.MOLECULE_MAP_CHAR ) VALUES ( :NEW.THEME_NO, :NEW.MOLECULE_ID, :NEW.MOLECULE_SEQ_NO, :NEW.MOLECULE_MAP_CHAR );",
                            "type": "insert_statement",
                            "statement_indent": 20
                          }
                        ],
                        "if_indent": 16
                      }
                    ],
                    "else_if": [],
                    "else_statements": [],
                    "if_indent": 12
                  }
                ],
                "else_if": [],
                "else_statements": [],
                "if_indent": 8
              },
              {
                "statement": "MDMAPPL.MDM_UTIL_THEMES.REFRESH_THEME_DESC ( P_THEME_NO => :NEW.THEME_NO, P_MOLECULE_ID => 0, P_DATE => SYSDATE, P_MANUAL_SHORT_DESC => V_MANUAL_SHORT_DESC );",
                "type": "unknown_statement",
                "indent": 8
              }
            ],
            "else_if": [],
            "else_statements": [],
            "if_indent": 4
          },
          {
            "sql_statement": "SELECT COUNT (*) INTO V_SEQ_NO_DUPLICATE_CNT FROM ( SELECT MOLECULE_SEQ_NO FROM THEME_MOLECULE_MAP TMM WHERE TMM.THEME_NO = :NEW.THEME_NO AND VALID_IND = 'Y' GROUP BY MOLECULE_SEQ_NO HAVING COUNT (*) > 1 );",
            "type": "select_statement",
            "statement_indent": 4
          },
          {
            "type": "if_else",
            "condition": "(V_SEQ_NO_DUPLICATE_CNT > 0)",
            "then_statements": [
              {
                "sql_statement": "RAISE ERR_INV_MOL_SEQUENCE;",
                "type": "raise_statement",
                "statement_indent": 8
              }
            ],
            "else_if": [],
            "else_statements": [],
            "if_indent": 4
          }
        ],
        "exception_handlers": [
          {
            "exception_name": "ERR_MAP_EXISTS",
            "exception_statements": [
              {
                "type": "function_calling",
                "function_name": "raise_application_error",
                "parameter": {
                  "handler_code": "-20110",
                  "handler_string": "'MDM_THEME_MOLECULE_MAP_IOF'"
                }
              }
            ]
          },
          {
            "exception_name": "ERR_MOLEC_ID_MISSING",
            "exception_statements": [
              {
                "type": "function_calling",
                "function_name": "raise_application_error",
                "parameter": {
                  "handler_code": "-20111",
                  "handler_string": "'MDM_THEME_MOLECULE_MAP_IOF'"
                }
              }
            ]
          },
          {
            "exception_name": "ERR_UPD_INV_MAP",
            "exception_statements": [
              {
                "type": "function_calling",
                "function_name": "raise_application_error",
                "parameter": {
                  "handler_code": "-20112",
                  "handler_string": "'MDM_THEME_MOLECULE_MAP_IOF'"
                }
              }
            ]
          },
          {
            "exception_name": "ERR_INS_INV_MAP",
            "exception_statements": [
              {
                "type": "function_calling",
                "function_name": "raise_application_error",
                "parameter": {
                  "handler_code": "-20113",
                  "handler_string": "'MDM_THEME_MOLECULE_MAP_IOF'"
                }
              }
            ]
          },
          {
            "exception_name": "ERR_INV_MOL_SEQUENCE",
            "exception_statements": [
              {
                "type": "function_calling",
                "function_name": "raise_application_error",
                "parameter": {
                  "handler_code": "-20120",
                  "handler_string": "'MDM_THEME_MOLECULE_MAP_IOF'"
                }
              }
            ]
          }
        ]
      }
    ]
  },
  "on_update": {
    "declarations": {
      "variables": [
        {
          "name": "V_COUNT_T_MAPPINGS",
          "data_type": "PLS_INTEGER",
          "default_value": null
        },
        {
          "name": "V_COUNT_T_MOL_MAP",
          "data_type": "PLS_INTEGER",
          "default_value": null
        },
        {
          "name": "V_MOLECULE_SEQ_NO",
          "data_type": "PLS_INTEGER",
          "default_value": null
        },
        {
          "name": "V_SEQ_NO_DUPLICATE_CNT",
          "data_type": "PLS_INTEGER",
          "default_value": null
        },
        {
          "name": "INVALID_MAPPING_EXISTS",
          "data_type": "BOOLEAN",
          "default_value": "FALSE"
        },
        {
          "name": "V_MANUAL_SHORT_DESC",
          "data_type": "THEMES.MANUAL_SHORT_DESC%TYPE",
          "default_value": null
        }
      ],
      "constants": [],
      "exceptions": [
        {
          "name": "ERR_MAP_EXISTS",
          "type": "EXCEPTION"
        },
        {
          "name": "ERR_MOLEC_ID_MISSING",
          "type": "EXCEPTION"
        },
        {
          "name": "ERR_NO_PORTF_MOLECULE_LEFT",
          "type": "EXCEPTION"
        },
        {
          "name": "ERR_UPD_INV_MAP",
          "type": "EXCEPTION"
        },
        {
          "name": "ERR_INS_INV_MAP",
          "type": "EXCEPTION"
        },
        {
          "name": "ERR_INV_MOL_SEQUENCE",
          "type": "EXCEPTION"
        },
        {
          "name": "UPDATE_UPD",
          "type": "EXCEPTION"
        }
      ]
    },
    "main": [
      {
        "type": "begin_end",
        "begin_indent": 0,
        "begin_end_statements": [
          {
            "sql_statement": "SELECT MANUAL_SHORT_DESC INTO V_MANUAL_SHORT_DESC FROM GMD.THEMES WHERE THEME_NO = NVL(:NEW.THEME_NO, :OLD.THEME_NO);",
            "type": "select_statement",
            "statement_indent": 4
          },
          {
            "type": "if_else",
            "condition": "TRUE",
            "then_statements": [
              {
                "sql_statement": "UPDATE THEME_MOLECULE_MAP TMM SET TMM.VALID_IND = 'N' WHERE TMM.THEME_NO = :OLD.THEME_NO AND TMM.MOLECULE_ID = :OLD.MOLECULE_ID;",
                "type": "update_statement",
                "statement_indent": 8
              },
              {
                "sql_statement": "UPDATE THEME_MOLECULE_MAP TMM SET TMM.MOLECULE_SEQ_NO = TMM.MOLECULE_SEQ_NO - 1 WHERE TMM.THEME_NO = :OLD.THEME_NO AND TMM.MOLECULE_SEQ_NO > :OLD.MOLECULE_SEQ_NO AND TMM.VALID_IND = 'Y';",
                "type": "update_statement",
                "statement_indent": 8
              },
              {
                "statement": "MDMAPPL.MDM_UTIL_THEMES.REFRESH_THEME_DESC ( P_THEME_NO => :OLD.THEME_NO, P_MOLECULE_ID => :OLD.MOLECULE_ID, P_DATE => SYSDATE, P_MANUAL_SHORT_DESC => V_MANUAL_SHORT_DESC );",
                "type": "unknown_statement",
                "indent": 8
              }
            ],
            "else_if": [],
            "else_statements": [],
            "if_indent": 4
          },
          {
            "type": "if_else",
            "condition": "( OR )",
            "then_statements": [
              {
                "sql_statement": "SELECT COUNT (*) INTO V_COUNT_T_MAPPINGS FROM V_THEME_MOLECULE_MAP TMM WHERE TMM.THEME_NO = :NEW.THEME_NO AND TMM.VALID_IND = 'Y';",
                "type": "select_statement",
                "statement_indent": 8
              },
              {
                "type": "if_else",
                "condition": "(:NEW.MOLECULE_ID IS NULL)",
                "then_statements": [
                  {
                    "sql_statement": "RAISE ERR_MOLEC_ID_MISSING;",
                    "type": "raise_statement",
                    "statement_indent": 12
                  }
                ],
                "else_if": [],
                "else_statements": [],
                "if_indent": 8
              },
              {
                "type": "if_else",
                "condition": "TRUE",
                "then_statements": [
                  {
                    "type": "if_else",
                    "condition": "(:NEW.MOLECULE_SEQ_NO > V_COUNT_T_MAPPINGS)",
                    "then_statements": [
                      {
                        "sql_statement": "RAISE ERR_UPD_INV_MAP;",
                        "type": "raise_statement",
                        "statement_indent": 16
                      }
                    ],
                    "else_if": [],
                    "else_statements": [],
                    "if_indent": 12
                  }
                ],
                "else_if": [],
                "else_statements": [],
                "if_indent": 8
              },
              {
                "type": "if_else",
                "condition": "(:NEW.MOLECULE_ID <> NVL (:OLD.MOLECULE_ID, '-1'))",
                "then_statements": [
                  {
                    "sql_statement": "SELECT COUNT (*) INTO V_COUNT_T_MOL_MAP FROM V_THEME_MOLECULE_MAP TMM WHERE TMM.THEME_NO = :NEW.THEME_NO AND TMM.MOLECULE_ID = :NEW.MOLECULE_ID AND TMM.VALID_IND = 'Y';",
                    "type": "select_statement",
                    "statement_indent": 12
                  },
                  {
                    "type": "if_else",
                    "condition": "(V_COUNT_T_MOL_MAP > 0)",
                    "then_statements": [
                      {
                        "sql_statement": "RAISE ERR_MAP_EXISTS;",
                        "type": "raise_statement",
                        "statement_indent": 16
                      }
                    ],
                    "else_if": [],
                    "else_statements": [],
                    "if_indent": 12
                  },
                  {
                    "sql_statement": "SELECT COUNT (*) INTO V_COUNT_T_MOL_MAP FROM V_THEME_MOLECULE_MAP TMM WHERE TMM.THEME_NO = :NEW.THEME_NO AND TMM.MOLECULE_ID = :NEW.MOLECULE_ID AND TMM.VALID_IND = 'N';",
                    "type": "select_statement",
                    "statement_indent": 12
                  },
                  {
                    "type": "if_else",
                    "condition": "(V_COUNT_T_MOL_MAP > 0)",
                    "then_statements": [
                      {
                        "variable": "INVALID_MAPPING_EXISTS",
                        "value": "TRUE",
                        "type": "assignment_statement",
                        "statement_indent": 16
                      }
                    ],
                    "else_if": [],
                    "else_statements": [],
                    "if_indent": 12
                  }
                ],
                "else_if": [],
                "else_statements": [],
                "if_indent": 8
              },
              {
                "type": "if_else",
                "condition": "TRUE",
                "then_statements": [
                  {
                    "type": "case_when",
                    "case_expression": "",
                    "when_clauses": [
                      {
                        "when_value": ":NEW.MOLECULE_SEQ_NO = V_COUNT_T_MAPPINGS + 1",
                        "then_statements": [
                          {
                            "type": "if_else",
                            "condition": "(INVALID_MAPPING_EXISTS)",
                            "then_statements": [
                              {
                                "sql_statement": "UPDATE THEME_MOLECULE_MAP TMM SET TMM.VALID_IND = 'Y', TMM.MOLECULE_SEQ_NO = :NEW.MOLECULE_SEQ_NO WHERE TMM.THEME_NO = :NEW.THEME_NO AND TMM.MOLECULE_ID = :NEW.MOLECULE_ID;",
                                "type": "update_statement",
                                "statement_indent": 24
                              }
                            ],
                            "else_if": [],
                            "else_statements": [
                              {
                                "sql_statement": "INSERT INTO THEME_MOLECULE_MAP TMM ( TMM.THEME_NO, TMM.MOLECULE_ID, TMM.MOLECULE_SEQ_NO, TMM.MOLECULE_MAP_CHAR, TMM.VALID_IND ) VALUES ( :NEW.THEME_NO, :NEW.MOLECULE_ID, :NEW.MOLECULE_SEQ_NO, :NEW.MOLECULE_MAP_CHAR, 'Y' );",
                                "type": "insert_statement",
                                "statement_indent": 24
                              }
                            ],
                            "if_indent": 20
                          }
                        ]
                      },
                      {
                        "when_value": ":NEW.MOLECULE_SEQ_NO < V_COUNT_T_MAPPINGS + 1",
                        "then_statements": [
                          {
                            "sql_statement": "UPDATE THEME_MOLECULE_MAP TMM SET TMM.MOLECULE_SEQ_NO = TMM.MOLECULE_SEQ_NO + 1 WHERE TMM.THEME_NO = :NEW.THEME_NO AND TMM.MOLECULE_SEQ_NO >= :NEW.MOLECULE_SEQ_NO AND TMM.VALID_IND = 'Y';",
                            "type": "update_statement",
                            "statement_indent": 20
                          },
                          {
                            "type": "if_else",
                            "condition": "(INVALID_MAPPING_EXISTS)",
                            "then_statements": [
                              {
                                "sql_statement": "UPDATE THEME_MOLECULE_MAP TMM SET TMM.VALID_IND = 'Y', TMM.MOLECULE_SEQ_NO = :NEW.MOLECULE_SEQ_NO WHERE TMM.THEME_NO = :NEW.THEME_NO AND TMM.MOLECULE_ID = :NEW.MOLECULE_ID;",
                                "type": "update_statement",
                                "statement_indent": 24
                              }
                            ],
                            "else_if": [],
                            "else_statements": [
                              {
                                "sql_statement": "INSERT INTO THEME_MOLECULE_MAP TMM ( TMM.THEME_NO, TMM.MOLECULE_ID, TMM.MOLECULE_SEQ_NO, TMM.MOLECULE_MAP_CHAR, TMM.VALID_IND ) VALUES ( :NEW.THEME_NO, :NEW.MOLECULE_ID, :NEW.MOLECULE_SEQ_NO, :NEW.MOLECULE_MAP_CHAR, 'Y' );",
                                "type": "insert_statement",
                                "statement_indent": 24
                              }
                            ],
                            "if_indent": 20
                          }
                        ]
                      }
                    ],
                    "else_statements": [
                      {
                        "sql_statement": "RAISE ERR_INS_INV_MAP;",
                        "type": "raise_statement",
                        "statement_indent": 20
                      }
                    ],
                    "case_indent": 12
                  }
                ],
                "else_if": [],
                "else_statements": [],
                "if_indent": 8
              },
              {
                "type": "if_else",
                "condition": "TRUE",
                "then_statements": [
                  {
                    "type": "if_else",
                    "condition": "(:NEW.MOLECULE_ID IS NOT NULL)",
                    "then_statements": [
                      {
                        "type": "if_else",
                        "condition": "(:NEW.MOLECULE_ID = :OLD.MOLECULE_ID AND :NEW.MOLECULE_SEQ_NO = :OLD.MOLECULE_SEQ_NO AND :NEW.MOLECULE_MAP_CHAR <> :OLD.MOLECULE_MAP_CHAR)",
                        "then_statements": [
                          {
                            "sql_statement": "UPDATE THEME_MOLECULE_MAP TMM SET TMM.MOLECULE_MAP_CHAR = :NEW.MOLECULE_MAP_CHAR WHERE TMM.THEME_NO = :NEW.THEME_NO AND TMM.MOLECULE_ID = :NEW.MOLECULE_ID;",
                            "type": "update_statement",
                            "statement_indent": 20
                          }
                        ],
                        "else_if": [],
                        "else_statements": [],
                        "if_indent": 16
                      },
                      {
                        "type": "if_else",
                        "condition": "(:NEW.MOLECULE_ID = :OLD.MOLECULE_ID AND :NEW.MOLECULE_SEQ_NO <> :OLD.MOLECULE_SEQ_NO)",
                        "then_statements": [
                          {
                            "sql_statement": "UPDATE THEME_MOLECULE_MAP TMM SET TMM.VALID_IND = 'N' WHERE TMM.THEME_NO = :NEW.THEME_NO AND TMM.MOLECULE_ID = :OLD.MOLECULE_ID;",
                            "type": "update_statement",
                            "statement_indent": 20
                          },
                          {
                            "type": "if_else",
                            "condition": "(:OLD.MOLECULE_SEQ_NO < :NEW.MOLECULE_SEQ_NO)",
                            "then_statements": [
                              {
                                "sql_statement": "UPDATE THEME_MOLECULE_MAP TMM SET TMM.MOLECULE_SEQ_NO = TMM.MOLECULE_SEQ_NO - 1 WHERE TMM.THEME_NO = :NEW.THEME_NO AND TMM.MOLECULE_SEQ_NO > :OLD.MOLECULE_SEQ_NO AND TMM.VALID_IND = 'Y' AND TMM.MOLECULE_SEQ_NO <= :NEW.MOLECULE_SEQ_NO;",
                                "type": "update_statement",
                                "statement_indent": 24
                              }
                            ],
                            "else_if": [],
                            "else_statements": [
                              {
                                "sql_statement": "UPDATE THEME_MOLECULE_MAP TMM SET TMM.MOLECULE_SEQ_NO = TMM.MOLECULE_SEQ_NO + 1 WHERE TMM.THEME_NO = :NEW.THEME_NO AND TMM.VALID_IND = 'Y' AND TMM.MOLECULE_SEQ_NO >= :NEW.MOLECULE_SEQ_NO AND TMM.MOLECULE_SEQ_NO < :OLD.MOLECULE_SEQ_NO;",
                                "type": "update_statement",
                                "statement_indent": 24
                              }
                            ],
                            "if_indent": 20
                          },
                          {
                            "type": "if_else",
                            "condition": "(INVALID_MAPPING_EXISTS)",
                            "then_statements": [
                              {
                                "sql_statement": "UPDATE THEME_MOLECULE_MAP TMM SET TMM.VALID_IND = 'Y', TMM.MOLECULE_SEQ_NO = :NEW.MOLECULE_SEQ_NO, TMM.MOLECULE_MAP_CHAR =: NEW.MOLECULE_MAP_CHAR WHERE TMM.THEME_NO = :NEW.THEME_NO AND TMM.MOLECULE_ID = :NEW.MOLECULE_ID;",
                                "type": "update_statement",
                                "statement_indent": 24
                              }
                            ],
                            "else_if": [],
                            "else_statements": [
                              {
                                "sql_statement": "INSERT INTO THEME_MOLECULE_MAP TMM ( TMM.THEME_NO, TMM.MOLECULE_ID, TMM.MOLECULE_SEQ_NO, TMM.MOLECULE_MAP_CHAR, TMM.VALID_IND ) VALUES ( :NEW.THEME_NO, :NEW.MOLECULE_ID, :NEW.MOLECULE_SEQ_NO, :NEW.MOLECULE_MAP_CHAR, 'Y' );",
                                "type": "insert_statement",
                                "statement_indent": 24
                              }
                            ],
                            "if_indent": 20
                          }
                        ],
                        "else_if": [],
                        "else_statements": [],
                        "if_indent": 16
                      }
                    ],
                    "else_if": [],
                    "else_statements": [],
                    "if_indent": 12
                  },
                  {
                    "type": "if_else",
                    "condition": "(:NEW.MOLECULE_ID <> :OLD.MOLECULE_ID AND :NEW.MOLECULE_SEQ_NO <> :OLD.MOLECULE_SEQ_NO)",
                    "then_statements": [
                      {
                        "sql_statement": "UPDATE THEME_MOLECULE_MAP TMM SET TMM.VALID_IND = 'N' WHERE TMM.THEME_NO = :NEW.THEME_NO AND TMM.MOLECULE_ID = :OLD.MOLECULE_ID;",
                        "type": "update_statement",
                        "statement_indent": 16
                      },
                      {
                        "sql_statement": "UPDATE THEME_MOLECULE_MAP TMM SET TMM.MOLECULE_SEQ_NO = TMM.MOLECULE_SEQ_NO - 1 WHERE TMM.THEME_NO = :NEW.THEME_NO AND TMM.MOLECULE_SEQ_NO > :OLD.MOLECULE_SEQ_NO AND TMM.MOLECULE_SEQ_NO <= :NEW.MOLECULE_SEQ_NO AND TMM.VALID_IND = 'Y';",
                        "type": "update_statement",
                        "statement_indent": 16
                      },
                      {
                        "type": "if_else",
                        "condition": "(INVALID_MAPPING_EXISTS)",
                        "then_statements": [
                          {
                            "sql_statement": "UPDATE THEME_MOLECULE_MAP TMM SET TMM.VALID_IND = 'Y', TMM.MOLECULE_SEQ_NO = :NEW.MOLECULE_SEQ_NO, TMM.MOLECULE_MAP_CHAR =:NEW.MOLECULE_MAP_CHAR WHERE TMM.THEME_NO = :NEW.THEME_NO AND TMM.MOLECULE_ID = :NEW.MOLECULE_ID;",
                            "type": "update_statement",
                            "statement_indent": 20
                          }
                        ],
                        "else_if": [],
                        "else_statements": [
                          {
                            "sql_statement": "INSERT INTO THEME_MOLECULE_MAP TMM ( TMM.THEME_NO, TMM.MOLECULE_ID, TMM.MOLECULE_SEQ_NO, TMM.MOLECULE_MAP_CHAR, TMM.VALID_IND ) VALUES ( :NEW.THEME_NO, :NEW.MOLECULE_ID, :NEW.MOLECULE_SEQ_NO, :NEW.MOLECULE_MAP_CHAR, 'Y' );",
                            "type": "insert_statement",
                            "statement_indent": 20
                          }
                        ],
                        "if_indent": 16
                      }
                    ],
                    "else_if": [],
                    "else_statements": [],
                    "if_indent": 12
                  },
                  {
                    "type": "if_else",
                    "condition": "(:NEW.MOLECULE_ID <> :OLD.MOLECULE_ID) AND :NEW.MOLECULE_SEQ_NO = :OLD.MOLECULE_SEQ_NO",
                    "then_statements": [
                      {
                        "sql_statement": "UPDATE THEME_MOLECULE_MAP TMM SET TMM.VALID_IND = 'N' WHERE TMM.THEME_NO = :NEW.THEME_NO AND TMM.MOLECULE_ID = :OLD.MOLECULE_ID AND MOLECULE_SEQ_NO = :OLD.MOLECULE_SEQ_NO;",
                        "type": "update_statement",
                        "statement_indent": 16
                      },
                      {
                        "type": "if_else",
                        "condition": "(INVALID_MAPPING_EXISTS)",
                        "then_statements": [
                          {
                            "sql_statement": "UPDATE THEME_MOLECULE_MAP TMM SET TMM.VALID_IND = 'Y', TMM.MOLECULE_SEQ_NO = :NEW.MOLECULE_SEQ_NO, TMM.MOLECULE_MAP_CHAR =:NEW.MOLECULE_MAP_CHAR WHERE TMM.THEME_NO = :NEW.THEME_NO AND TMM.MOLECULE_ID = :NEW.MOLECULE_ID;",
                            "type": "update_statement",
                            "statement_indent": 20
                          }
                        ],
                        "else_if": [],
                        "else_statements": [
                          {
                            "sql_statement": "INSERT INTO THEME_MOLECULE_MAP TMM ( TMM.THEME_NO, TMM.MOLECULE_ID, TMM.MOLECULE_SEQ_NO, TMM.MOLECULE_MAP_CHAR ) VALUES ( :NEW.THEME_NO, :NEW.MOLECULE_ID, :NEW.MOLECULE_SEQ_NO, :NEW.MOLECULE_MAP_CHAR );",
                            "type": "insert_statement",
                            "statement_indent": 20
                          }
                        ],
                        "if_indent": 16
                      }
                    ],
                    "else_if": [],
                    "else_statements": [],
                    "if_indent": 12
                  }
                ],
                "else_if": [],
                "else_statements": [],
                "if_indent": 8
              },
              {
                "statement": "MDMAPPL.MDM_UTIL_THEMES.REFRESH_THEME_DESC ( P_THEME_NO => :NEW.THEME_NO, P_MOLECULE_ID => 0, P_DATE => SYSDATE, P_MANUAL_SHORT_DESC => V_MANUAL_SHORT_DESC );",
                "type": "unknown_statement",
                "indent": 8
              }
            ],
            "else_if": [],
            "else_statements": [],
            "if_indent": 4
          },
          {
            "sql_statement": "SELECT COUNT (*) INTO V_SEQ_NO_DUPLICATE_CNT FROM ( SELECT MOLECULE_SEQ_NO FROM THEME_MOLECULE_MAP TMM WHERE TMM.THEME_NO = :NEW.THEME_NO AND VALID_IND = 'Y' GROUP BY MOLECULE_SEQ_NO HAVING COUNT (*) > 1 );",
            "type": "select_statement",
            "statement_indent": 4
          },
          {
            "type": "if_else",
            "condition": "(V_SEQ_NO_DUPLICATE_CNT > 0)",
            "then_statements": [
              {
                "sql_statement": "RAISE ERR_INV_MOL_SEQUENCE;",
                "type": "raise_statement",
                "statement_indent": 8
              }
            ],
            "else_if": [],
            "else_statements": [],
            "if_indent": 4
          }
        ],
        "exception_handlers": [
          {
            "exception_name": "ERR_MAP_EXISTS",
            "exception_statements": [
              {
                "type": "function_calling",
                "function_name": "raise_application_error",
                "parameter": {
                  "handler_code": "-20110",
                  "handler_string": "'MDM_THEME_MOLECULE_MAP_IOF'"
                }
              }
            ]
          },
          {
            "exception_name": "ERR_MOLEC_ID_MISSING",
            "exception_statements": [
              {
                "type": "function_calling",
                "function_name": "raise_application_error",
                "parameter": {
                  "handler_code": "-20111",
                  "handler_string": "'MDM_THEME_MOLECULE_MAP_IOF'"
                }
              }
            ]
          },
          {
            "exception_name": "ERR_UPD_INV_MAP",
            "exception_statements": [
              {
                "type": "function_calling",
                "function_name": "raise_application_error",
                "parameter": {
                  "handler_code": "-20112",
                  "handler_string": "'MDM_THEME_MOLECULE_MAP_IOF'"
                }
              }
            ]
          },
          {
            "exception_name": "ERR_INS_INV_MAP",
            "exception_statements": [
              {
                "type": "function_calling",
                "function_name": "raise_application_error",
                "parameter": {
                  "handler_code": "-20113",
                  "handler_string": "'MDM_THEME_MOLECULE_MAP_IOF'"
                }
              }
            ]
          },
          {
            "exception_name": "ERR_INV_MOL_SEQUENCE",
            "exception_statements": [
              {
                "type": "function_calling",
                "function_name": "raise_application_error",
                "parameter": {
                  "handler_code": "-20120",
                  "handler_string": "'MDM_THEME_MOLECULE_MAP_IOF'"
                }
              }
            ]
          }
        ]
      }
    ]
  },
  "on_delete": {
    "declarations": {
      "variables": [
        {
          "name": "V_COUNT_T_MAPPINGS",
          "data_type": "PLS_INTEGER",
          "default_value": null
        },
        {
          "name": "V_COUNT_T_MOL_MAP",
          "data_type": "PLS_INTEGER",
          "default_value": null
        },
        {
          "name": "V_MOLECULE_SEQ_NO",
          "data_type": "PLS_INTEGER",
          "default_value": null
        },
        {
          "name": "V_SEQ_NO_DUPLICATE_CNT",
          "data_type": "PLS_INTEGER",
          "default_value": null
        },
        {
          "name": "INVALID_MAPPING_EXISTS",
          "data_type": "BOOLEAN",
          "default_value": "FALSE"
        },
        {
          "name": "V_MANUAL_SHORT_DESC",
          "data_type": "THEMES.MANUAL_SHORT_DESC%TYPE",
          "default_value": null
        }
      ],
      "constants": [],
      "exceptions": [
        {
          "name": "ERR_MAP_EXISTS",
          "type": "EXCEPTION"
        },
        {
          "name": "ERR_MOLEC_ID_MISSING",
          "type": "EXCEPTION"
        },
        {
          "name": "ERR_NO_PORTF_MOLECULE_LEFT",
          "type": "EXCEPTION"
        },
        {
          "name": "ERR_UPD_INV_MAP",
          "type": "EXCEPTION"
        },
        {
          "name": "ERR_INS_INV_MAP",
          "type": "EXCEPTION"
        },
        {
          "name": "ERR_INV_MOL_SEQUENCE",
          "type": "EXCEPTION"
        },
        {
          "name": "UPDATE_UPD",
          "type": "EXCEPTION"
        }
      ]
    },
    "main": [
      {
        "type": "begin_end",
        "begin_indent": 0,
        "begin_end_statements": [
          {
            "sql_statement": "SELECT MANUAL_SHORT_DESC INTO V_MANUAL_SHORT_DESC FROM GMD.THEMES WHERE THEME_NO = NVL(:NEW.THEME_NO, :OLD.THEME_NO);",
            "type": "select_statement",
            "statement_indent": 4
          },
          {
            "type": "if_else",
            "condition": "TRUE",
            "then_statements": [
              {
                "sql_statement": "UPDATE THEME_MOLECULE_MAP TMM SET TMM.VALID_IND = 'N' WHERE TMM.THEME_NO = :OLD.THEME_NO AND TMM.MOLECULE_ID = :OLD.MOLECULE_ID;",
                "type": "update_statement",
                "statement_indent": 8
              },
              {
                "sql_statement": "UPDATE THEME_MOLECULE_MAP TMM SET TMM.MOLECULE_SEQ_NO = TMM.MOLECULE_SEQ_NO - 1 WHERE TMM.THEME_NO = :OLD.THEME_NO AND TMM.MOLECULE_SEQ_NO > :OLD.MOLECULE_SEQ_NO AND TMM.VALID_IND = 'Y';",
                "type": "update_statement",
                "statement_indent": 8
              },
              {
                "statement": "MDMAPPL.MDM_UTIL_THEMES.REFRESH_THEME_DESC ( P_THEME_NO => :OLD.THEME_NO, P_MOLECULE_ID => :OLD.MOLECULE_ID, P_DATE => SYSDATE, P_MANUAL_SHORT_DESC => V_MANUAL_SHORT_DESC );",
                "type": "unknown_statement",
                "indent": 8
              }
            ],
            "else_if": [],
            "else_statements": [],
            "if_indent": 4
          },
          {
            "type": "if_else",
            "condition": "( OR )",
            "then_statements": [
              {
                "sql_statement": "SELECT COUNT (*) INTO V_COUNT_T_MAPPINGS FROM V_THEME_MOLECULE_MAP TMM WHERE TMM.THEME_NO = :NEW.THEME_NO AND TMM.VALID_IND = 'Y';",
                "type": "select_statement",
                "statement_indent": 8
              },
              {
                "type": "if_else",
                "condition": "(:NEW.MOLECULE_ID IS NULL)",
                "then_statements": [
                  {
                    "sql_statement": "RAISE ERR_MOLEC_ID_MISSING;",
                    "type": "raise_statement",
                    "statement_indent": 12
                  }
                ],
                "else_if": [],
                "else_statements": [],
                "if_indent": 8
              },
              {
                "type": "if_else",
                "condition": "TRUE",
                "then_statements": [
                  {
                    "type": "if_else",
                    "condition": "(:NEW.MOLECULE_SEQ_NO > V_COUNT_T_MAPPINGS)",
                    "then_statements": [
                      {
                        "sql_statement": "RAISE ERR_UPD_INV_MAP;",
                        "type": "raise_statement",
                        "statement_indent": 16
                      }
                    ],
                    "else_if": [],
                    "else_statements": [],
                    "if_indent": 12
                  }
                ],
                "else_if": [],
                "else_statements": [],
                "if_indent": 8
              },
              {
                "type": "if_else",
                "condition": "(:NEW.MOLECULE_ID <> NVL (:OLD.MOLECULE_ID, '-1'))",
                "then_statements": [
                  {
                    "sql_statement": "SELECT COUNT (*) INTO V_COUNT_T_MOL_MAP FROM V_THEME_MOLECULE_MAP TMM WHERE TMM.THEME_NO = :NEW.THEME_NO AND TMM.MOLECULE_ID = :NEW.MOLECULE_ID AND TMM.VALID_IND = 'Y';",
                    "type": "select_statement",
                    "statement_indent": 12
                  },
                  {
                    "type": "if_else",
                    "condition": "(V_COUNT_T_MOL_MAP > 0)",
                    "then_statements": [
                      {
                        "sql_statement": "RAISE ERR_MAP_EXISTS;",
                        "type": "raise_statement",
                        "statement_indent": 16
                      }
                    ],
                    "else_if": [],
                    "else_statements": [],
                    "if_indent": 12
                  },
                  {
                    "sql_statement": "SELECT COUNT (*) INTO V_COUNT_T_MOL_MAP FROM V_THEME_MOLECULE_MAP TMM WHERE TMM.THEME_NO = :NEW.THEME_NO AND TMM.MOLECULE_ID = :NEW.MOLECULE_ID AND TMM.VALID_IND = 'N';",
                    "type": "select_statement",
                    "statement_indent": 12
                  },
                  {
                    "type": "if_else",
                    "condition": "(V_COUNT_T_MOL_MAP > 0)",
                    "then_statements": [
                      {
                        "variable": "INVALID_MAPPING_EXISTS",
                        "value": "TRUE",
                        "type": "assignment_statement",
                        "statement_indent": 16
                      }
                    ],
                    "else_if": [],
                    "else_statements": [],
                    "if_indent": 12
                  }
                ],
                "else_if": [],
                "else_statements": [],
                "if_indent": 8
              },
              {
                "type": "if_else",
                "condition": "TRUE",
                "then_statements": [
                  {
                    "type": "case_when",
                    "case_expression": "",
                    "when_clauses": [
                      {
                        "when_value": ":NEW.MOLECULE_SEQ_NO = V_COUNT_T_MAPPINGS + 1",
                        "then_statements": [
                          {
                            "type": "if_else",
                            "condition": "(INVALID_MAPPING_EXISTS)",
                            "then_statements": [
                              {
                                "sql_statement": "UPDATE THEME_MOLECULE_MAP TMM SET TMM.VALID_IND = 'Y', TMM.MOLECULE_SEQ_NO = :NEW.MOLECULE_SEQ_NO WHERE TMM.THEME_NO = :NEW.THEME_NO AND TMM.MOLECULE_ID = :NEW.MOLECULE_ID;",
                                "type": "update_statement",
                                "statement_indent": 24
                              }
                            ],
                            "else_if": [],
                            "else_statements": [
                              {
                                "sql_statement": "INSERT INTO THEME_MOLECULE_MAP TMM ( TMM.THEME_NO, TMM.MOLECULE_ID, TMM.MOLECULE_SEQ_NO, TMM.MOLECULE_MAP_CHAR, TMM.VALID_IND ) VALUES ( :NEW.THEME_NO, :NEW.MOLECULE_ID, :NEW.MOLECULE_SEQ_NO, :NEW.MOLECULE_MAP_CHAR, 'Y' );",
                                "type": "insert_statement",
                                "statement_indent": 24
                              }
                            ],
                            "if_indent": 20
                          }
                        ]
                      },
                      {
                        "when_value": ":NEW.MOLECULE_SEQ_NO < V_COUNT_T_MAPPINGS + 1",
                        "then_statements": [
                          {
                            "sql_statement": "UPDATE THEME_MOLECULE_MAP TMM SET TMM.MOLECULE_SEQ_NO = TMM.MOLECULE_SEQ_NO + 1 WHERE TMM.THEME_NO = :NEW.THEME_NO AND TMM.MOLECULE_SEQ_NO >= :NEW.MOLECULE_SEQ_NO AND TMM.VALID_IND = 'Y';",
                            "type": "update_statement",
                            "statement_indent": 20
                          },
                          {
                            "type": "if_else",
                            "condition": "(INVALID_MAPPING_EXISTS)",
                            "then_statements": [
                              {
                                "sql_statement": "UPDATE THEME_MOLECULE_MAP TMM SET TMM.VALID_IND = 'Y', TMM.MOLECULE_SEQ_NO = :NEW.MOLECULE_SEQ_NO WHERE TMM.THEME_NO = :NEW.THEME_NO AND TMM.MOLECULE_ID = :NEW.MOLECULE_ID;",
                                "type": "update_statement",
                                "statement_indent": 24
                              }
                            ],
                            "else_if": [],
                            "else_statements": [
                              {
                                "sql_statement": "INSERT INTO THEME_MOLECULE_MAP TMM ( TMM.THEME_NO, TMM.MOLECULE_ID, TMM.MOLECULE_SEQ_NO, TMM.MOLECULE_MAP_CHAR, TMM.VALID_IND ) VALUES ( :NEW.THEME_NO, :NEW.MOLECULE_ID, :NEW.MOLECULE_SEQ_NO, :NEW.MOLECULE_MAP_CHAR, 'Y' );",
                                "type": "insert_statement",
                                "statement_indent": 24
                              }
                            ],
                            "if_indent": 20
                          }
                        ]
                      }
                    ],
                    "else_statements": [
                      {
                        "sql_statement": "RAISE ERR_INS_INV_MAP;",
                        "type": "raise_statement",
                        "statement_indent": 20
                      }
                    ],
                    "case_indent": 12
                  }
                ],
                "else_if": [],
                "else_statements": [],
                "if_indent": 8
              },
              {
                "type": "if_else",
                "condition": "TRUE",
                "then_statements": [
                  {
                    "type": "if_else",
                    "condition": "(:NEW.MOLECULE_ID IS NOT NULL)",
                    "then_statements": [
                      {
                        "type": "if_else",
                        "condition": "(:NEW.MOLECULE_ID = :OLD.MOLECULE_ID AND :NEW.MOLECULE_SEQ_NO = :OLD.MOLECULE_SEQ_NO AND :NEW.MOLECULE_MAP_CHAR <> :OLD.MOLECULE_MAP_CHAR)",
                        "then_statements": [
                          {
                            "sql_statement": "UPDATE THEME_MOLECULE_MAP TMM SET TMM.MOLECULE_MAP_CHAR = :NEW.MOLECULE_MAP_CHAR WHERE TMM.THEME_NO = :NEW.THEME_NO AND TMM.MOLECULE_ID = :NEW.MOLECULE_ID;",
                            "type": "update_statement",
                            "statement_indent": 20
                          }
                        ],
                        "else_if": [],
                        "else_statements": [],
                        "if_indent": 16
                      },
                      {
                        "type": "if_else",
                        "condition": "(:NEW.MOLECULE_ID = :OLD.MOLECULE_ID AND :NEW.MOLECULE_SEQ_NO <> :OLD.MOLECULE_SEQ_NO)",
                        "then_statements": [
                          {
                            "sql_statement": "UPDATE THEME_MOLECULE_MAP TMM SET TMM.VALID_IND = 'N' WHERE TMM.THEME_NO = :NEW.THEME_NO AND TMM.MOLECULE_ID = :OLD.MOLECULE_ID;",
                            "type": "update_statement",
                            "statement_indent": 20
                          },
                          {
                            "type": "if_else",
                            "condition": "(:OLD.MOLECULE_SEQ_NO < :NEW.MOLECULE_SEQ_NO)",
                            "then_statements": [
                              {
                                "sql_statement": "UPDATE THEME_MOLECULE_MAP TMM SET TMM.MOLECULE_SEQ_NO = TMM.MOLECULE_SEQ_NO - 1 WHERE TMM.THEME_NO = :NEW.THEME_NO AND TMM.MOLECULE_SEQ_NO > :OLD.MOLECULE_SEQ_NO AND TMM.VALID_IND = 'Y' AND TMM.MOLECULE_SEQ_NO <= :NEW.MOLECULE_SEQ_NO;",
                                "type": "update_statement",
                                "statement_indent": 24
                              }
                            ],
                            "else_if": [],
                            "else_statements": [
                              {
                                "sql_statement": "UPDATE THEME_MOLECULE_MAP TMM SET TMM.MOLECULE_SEQ_NO = TMM.MOLECULE_SEQ_NO + 1 WHERE TMM.THEME_NO = :NEW.THEME_NO AND TMM.VALID_IND = 'Y' AND TMM.MOLECULE_SEQ_NO >= :NEW.MOLECULE_SEQ_NO AND TMM.MOLECULE_SEQ_NO < :OLD.MOLECULE_SEQ_NO;",
                                "type": "update_statement",
                                "statement_indent": 24
                              }
                            ],
                            "if_indent": 20
                          },
                          {
                            "type": "if_else",
                            "condition": "(INVALID_MAPPING_EXISTS)",
                            "then_statements": [
                              {
                                "sql_statement": "UPDATE THEME_MOLECULE_MAP TMM SET TMM.VALID_IND = 'Y', TMM.MOLECULE_SEQ_NO = :NEW.MOLECULE_SEQ_NO, TMM.MOLECULE_MAP_CHAR =: NEW.MOLECULE_MAP_CHAR WHERE TMM.THEME_NO = :NEW.THEME_NO AND TMM.MOLECULE_ID = :NEW.MOLECULE_ID;",
                                "type": "update_statement",
                                "statement_indent": 24
                              }
                            ],
                            "else_if": [],
                            "else_statements": [
                              {
                                "sql_statement": "INSERT INTO THEME_MOLECULE_MAP TMM ( TMM.THEME_NO, TMM.MOLECULE_ID, TMM.MOLECULE_SEQ_NO, TMM.MOLECULE_MAP_CHAR, TMM.VALID_IND ) VALUES ( :NEW.THEME_NO, :NEW.MOLECULE_ID, :NEW.MOLECULE_SEQ_NO, :NEW.MOLECULE_MAP_CHAR, 'Y' );",
                                "type": "insert_statement",
                                "statement_indent": 24
                              }
                            ],
                            "if_indent": 20
                          }
                        ],
                        "else_if": [],
                        "else_statements": [],
                        "if_indent": 16
                      }
                    ],
                    "else_if": [],
                    "else_statements": [],
                    "if_indent": 12
                  },
                  {
                    "type": "if_else",
                    "condition": "(:NEW.MOLECULE_ID <> :OLD.MOLECULE_ID AND :NEW.MOLECULE_SEQ_NO <> :OLD.MOLECULE_SEQ_NO)",
                    "then_statements": [
                      {
                        "sql_statement": "UPDATE THEME_MOLECULE_MAP TMM SET TMM.VALID_IND = 'N' WHERE TMM.THEME_NO = :NEW.THEME_NO AND TMM.MOLECULE_ID = :OLD.MOLECULE_ID;",
                        "type": "update_statement",
                        "statement_indent": 16
                      },
                      {
                        "sql_statement": "UPDATE THEME_MOLECULE_MAP TMM SET TMM.MOLECULE_SEQ_NO = TMM.MOLECULE_SEQ_NO - 1 WHERE TMM.THEME_NO = :NEW.THEME_NO AND TMM.MOLECULE_SEQ_NO > :OLD.MOLECULE_SEQ_NO AND TMM.MOLECULE_SEQ_NO <= :NEW.MOLECULE_SEQ_NO AND TMM.VALID_IND = 'Y';",
                        "type": "update_statement",
                        "statement_indent": 16
                      },
                      {
                        "type": "if_else",
                        "condition": "(INVALID_MAPPING_EXISTS)",
                        "then_statements": [
                          {
                            "sql_statement": "UPDATE THEME_MOLECULE_MAP TMM SET TMM.VALID_IND = 'Y', TMM.MOLECULE_SEQ_NO = :NEW.MOLECULE_SEQ_NO, TMM.MOLECULE_MAP_CHAR =:NEW.MOLECULE_MAP_CHAR WHERE TMM.THEME_NO = :NEW.THEME_NO AND TMM.MOLECULE_ID = :NEW.MOLECULE_ID;",
                            "type": "update_statement",
                            "statement_indent": 20
                          }
                        ],
                        "else_if": [],
                        "else_statements": [
                          {
                            "sql_statement": "INSERT INTO THEME_MOLECULE_MAP TMM ( TMM.THEME_NO, TMM.MOLECULE_ID, TMM.MOLECULE_SEQ_NO, TMM.MOLECULE_MAP_CHAR, TMM.VALID_IND ) VALUES ( :NEW.THEME_NO, :NEW.MOLECULE_ID, :NEW.MOLECULE_SEQ_NO, :NEW.MOLECULE_MAP_CHAR, 'Y' );",
                            "type": "insert_statement",
                            "statement_indent": 20
                          }
                        ],
                        "if_indent": 16
                      }
                    ],
                    "else_if": [],
                    "else_statements": [],
                    "if_indent": 12
                  },
                  {
                    "type": "if_else",
                    "condition": "(:NEW.MOLECULE_ID <> :OLD.MOLECULE_ID) AND :NEW.MOLECULE_SEQ_NO = :OLD.MOLECULE_SEQ_NO",
                    "then_statements": [
                      {
                        "sql_statement": "UPDATE THEME_MOLECULE_MAP TMM SET TMM.VALID_IND = 'N' WHERE TMM.THEME_NO = :NEW.THEME_NO AND TMM.MOLECULE_ID = :OLD.MOLECULE_ID AND MOLECULE_SEQ_NO = :OLD.MOLECULE_SEQ_NO;",
                        "type": "update_statement",
                        "statement_indent": 16
                      },
                      {
                        "type": "if_else",
                        "condition": "(INVALID_MAPPING_EXISTS)",
                        "then_statements": [
                          {
                            "sql_statement": "UPDATE THEME_MOLECULE_MAP TMM SET TMM.VALID_IND = 'Y', TMM.MOLECULE_SEQ_NO = :NEW.MOLECULE_SEQ_NO, TMM.MOLECULE_MAP_CHAR =:NEW.MOLECULE_MAP_CHAR WHERE TMM.THEME_NO = :NEW.THEME_NO AND TMM.MOLECULE_ID = :NEW.MOLECULE_ID;",
                            "type": "update_statement",
                            "statement_indent": 20
                          }
                        ],
                        "else_if": [],
                        "else_statements": [
                          {
                            "sql_statement": "INSERT INTO THEME_MOLECULE_MAP TMM ( TMM.THEME_NO, TMM.MOLECULE_ID, TMM.MOLECULE_SEQ_NO, TMM.MOLECULE_MAP_CHAR ) VALUES ( :NEW.THEME_NO, :NEW.MOLECULE_ID, :NEW.MOLECULE_SEQ_NO, :NEW.MOLECULE_MAP_CHAR );",
                            "type": "insert_statement",
                            "statement_indent": 20
                          }
                        ],
                        "if_indent": 16
                      }
                    ],
                    "else_if": [],
                    "else_statements": [],
                    "if_indent": 12
                  }
                ],
                "else_if": [],
                "else_statements": [],
                "if_indent": 8
              },
              {
                "statement": "MDMAPPL.MDM_UTIL_THEMES.REFRESH_THEME_DESC ( P_THEME_NO => :NEW.THEME_NO, P_MOLECULE_ID => 0, P_DATE => SYSDATE, P_MANUAL_SHORT_DESC => V_MANUAL_SHORT_DESC );",
                "type": "unknown_statement",
                "indent": 8
              }
            ],
            "else_if": [],
            "else_statements": [],
            "if_indent": 4
          },
          {
            "sql_statement": "SELECT COUNT (*) INTO V_SEQ_NO_DUPLICATE_CNT FROM ( SELECT MOLECULE_SEQ_NO FROM THEME_MOLECULE_MAP TMM WHERE TMM.THEME_NO = :NEW.THEME_NO AND VALID_IND = 'Y' GROUP BY MOLECULE_SEQ_NO HAVING COUNT (*) > 1 );",
            "type": "select_statement",
            "statement_indent": 4
          },
          {
            "type": "if_else",
            "condition": "(V_SEQ_NO_DUPLICATE_CNT > 0)",
            "then_statements": [
              {
                "sql_statement": "RAISE ERR_INV_MOL_SEQUENCE;",
                "type": "raise_statement",
                "statement_indent": 8
              }
            ],
            "else_if": [],
            "else_statements": [],
            "if_indent": 4
          }
        ],
        "exception_handlers": [
          {
            "exception_name": "ERR_MAP_EXISTS",
            "exception_statements": [
              {
                "type": "function_calling",
                "function_name": "raise_application_error",
                "parameter": {
                  "handler_code": "-20110",
                  "handler_string": "'MDM_THEME_MOLECULE_MAP_IOF'"
                }
              }
            ]
          },
          {
            "exception_name": "ERR_MOLEC_ID_MISSING",
            "exception_statements": [
              {
                "type": "function_calling",
                "function_name": "raise_application_error",
                "parameter": {
                  "handler_code": "-20111",
                  "handler_string": "'MDM_THEME_MOLECULE_MAP_IOF'"
                }
              }
            ]
          },
          {
            "exception_name": "ERR_UPD_INV_MAP",
            "exception_statements": [
              {
                "type": "function_calling",
                "function_name": "raise_application_error",
                "parameter": {
                  "handler_code": "-20112",
                  "handler_string": "'MDM_THEME_MOLECULE_MAP_IOF'"
                }
              }
            ]
          },
          {
            "exception_name": "ERR_INS_INV_MAP",
            "exception_statements": [
              {
                "type": "function_calling",
                "function_name": "raise_application_error",
                "parameter": {
                  "handler_code": "-20113",
                  "handler_string": "'MDM_THEME_MOLECULE_MAP_IOF'"
                }
              }
            ]
          },
          {
            "exception_name": "ERR_INV_MOL_SEQUENCE",
            "exception_statements": [
              {
                "type": "function_calling",
                "function_name": "raise_application_error",
                "parameter": {
                  "handler_code": "-20120",
                  "handler_string": "'MDM_THEME_MOLECULE_MAP_IOF'"
                }
              }
            ]
          }
        ]
      }
    ]
  }
}