{
    "on_insert": [
        {
            "type": "sql",
            "sql": "DO $$\nDECLARE\n  V_USERID TEXT;\n  V_TRG_UPD_DATE_STR TEXT;\nBEGIN\n  V_USERID := COALESCE(NEW.UPD_USER, OLD.UPD_USER);\n  V_TRG_UPD_DATE_STR := TO_CHAR(COALESCE(NEW.UPD_DATE, OLD.UPD_DATE), 'YYYY-MM-DD');\n  IF TG_OP = '' THEN\n    IF COALESCE (OLD.PROD_FAM_NAME_STATUS_CD, 'X') <> COALESCE (NEW.PROD_FAM_NAME_STATUS_CD, 'X') OR OLD.PROD_FAM_NAME <> NEW.PROD_FAM_NAME OR COALESCE(OLD.ACT_SUBSTANCE_NAME, 'X') <> COALESCE(NEW.ACT_SUBSTANCE_NAME, 'X') THEN\n      CASE\n        WHEN NEW.PROD_FAM_NAME_STATUS_CD IN ('T', 'R') THEN\n          UPDATE GMD.THEME_MOLECULES SET MOLECULE_DESC = NEW.PROD_FAM_NAME WHERE PRODUCT_FAMILY_CD = NEW.PRODUCT_FAMILY_CD;\n        WHEN NEW.PROD_FAM_NAME_STATUS_CD IN ('G', 'I') THEN\n          UPDATE GMD.THEME_MOLECULES SET MOLECULE_DESC = NEW.ACT_SUBSTANCE_NAME WHERE PRODUCT_FAMILY_CD = NEW.PRODUCT_FAMILY_CD;\n        ELSE\n          NULL;\n      END CASE;\n      CALL GMD.GMD_UTIL_THEMES$UPD_THEME_DESC_JOB_PROC( P_PRODUCT_FAMILY_CD => NEW.PRODUCT_FAMILY_CD::TEXT, P_REGISTRAR => V_USERID::TEXT, P_TRG_TABLE => 'PRODUCT_FAMILIES'::TEXT, P_TRG_UPD_DATE => V_TRG_UPD_DATE_STR::TEXT );\n    END IF;\n  END IF;\n  RETURN NULL;\nEND;\nEND $$;"
        }
    ],
    "on_update": [
        {
            "type": "sql",
            "sql": "DO $$\nDECLARE\n  V_USERID TEXT;\n  V_TRG_UPD_DATE_STR TEXT;\nBEGIN\n  V_USERID := COALESCE(NEW.UPD_USER, OLD.UPD_USER);\n  V_TRG_UPD_DATE_STR := TO_CHAR(COALESCE(NEW.UPD_DATE, OLD.UPD_DATE), 'YYYY-MM-DD');\n  IF TG_OP = '' THEN\n    IF COALESCE (OLD.PROD_FAM_NAME_STATUS_CD, 'X') <> COALESCE (NEW.PROD_FAM_NAME_STATUS_CD, 'X') OR OLD.PROD_FAM_NAME <> NEW.PROD_FAM_NAME OR COALESCE(OLD.ACT_SUBSTANCE_NAME, 'X') <> COALESCE(NEW.ACT_SUBSTANCE_NAME, 'X') THEN\n      CASE\n        WHEN NEW.PROD_FAM_NAME_STATUS_CD IN ('T', 'R') THEN\n          UPDATE GMD.THEME_MOLECULES SET MOLECULE_DESC = NEW.PROD_FAM_NAME WHERE PRODUCT_FAMILY_CD = NEW.PRODUCT_FAMILY_CD;\n        WHEN NEW.PROD_FAM_NAME_STATUS_CD IN ('G', 'I') THEN\n          UPDATE GMD.THEME_MOLECULES SET MOLECULE_DESC = NEW.ACT_SUBSTANCE_NAME WHERE PRODUCT_FAMILY_CD = NEW.PRODUCT_FAMILY_CD;\n        ELSE\n          NULL;\n      END CASE;\n      CALL GMD.GMD_UTIL_THEMES$UPD_THEME_DESC_JOB_PROC( P_PRODUCT_FAMILY_CD => NEW.PRODUCT_FAMILY_CD::TEXT, P_REGISTRAR => V_USERID::TEXT, P_TRG_TABLE => 'PRODUCT_FAMILIES'::TEXT, P_TRG_UPD_DATE => V_TRG_UPD_DATE_STR::TEXT );\n    END IF;\n  END IF;\n  RETURN NULL;\nEND;\nEND $$;"
        }
    ],
    "on_delete": [
        {
            "type": "sql",
            "sql": "DO $$\nDECLARE\n  V_USERID TEXT;\n  V_TRG_UPD_DATE_STR TEXT;\nBEGIN\n  V_USERID := COALESCE(NEW.UPD_USER, OLD.UPD_USER);\n  V_TRG_UPD_DATE_STR := TO_CHAR(COALESCE(NEW.UPD_DATE, OLD.UPD_DATE), 'YYYY-MM-DD');\n  IF TG_OP = '' THEN\n    IF COALESCE (OLD.PROD_FAM_NAME_STATUS_CD, 'X') <> COALESCE (NEW.PROD_FAM_NAME_STATUS_CD, 'X') OR OLD.PROD_FAM_NAME <> NEW.PROD_FAM_NAME OR COALESCE(OLD.ACT_SUBSTANCE_NAME, 'X') <> COALESCE(NEW.ACT_SUBSTANCE_NAME, 'X') THEN\n      CASE\n        WHEN NEW.PROD_FAM_NAME_STATUS_CD IN ('T', 'R') THEN\n          UPDATE GMD.THEME_MOLECULES SET MOLECULE_DESC = NEW.PROD_FAM_NAME WHERE PRODUCT_FAMILY_CD = NEW.PRODUCT_FAMILY_CD;\n        WHEN NEW.PROD_FAM_NAME_STATUS_CD IN ('G', 'I') THEN\n          UPDATE GMD.THEME_MOLECULES SET MOLECULE_DESC = NEW.ACT_SUBSTANCE_NAME WHERE PRODUCT_FAMILY_CD = NEW.PRODUCT_FAMILY_CD;\n        ELSE\n          NULL;\n      END CASE;\n      CALL GMD.GMD_UTIL_THEMES$UPD_THEME_DESC_JOB_PROC( P_PRODUCT_FAMILY_CD => NEW.PRODUCT_FAMILY_CD::TEXT, P_REGISTRAR => V_USERID::TEXT, P_TRG_TABLE => 'PRODUCT_FAMILIES'::TEXT, P_TRG_UPD_DATE => V_TRG_UPD_DATE_STR::TEXT );\n    END IF;\n  END IF;\n  RETURN NULL;\nEND;\nEND $$;"
        }
    ]
}